pk,cod,des,pr,lastupdate,DataFineVal
27,411041001,ACQUALAGNA,PS,2021-09-01 12:58:33,31/12/1998 00:00:00
32,416075001,ACQUARICA DEL CAPO,LE,2021-09-01 12:58:33,14/05/2019 00:00:00
98,405025002,ALANO DI PIAVE,BL,2021-09-01 12:58:34,21/01/2024 00:00:00
110,403018002,ALBAREDO ARNABOLDI,PV,2021-09-01 12:58:34,17/11/2023 00:00:00
161,401001005,ALICE SUPERIORE,TO,2021-09-01 12:58:34,31/12/2018 00:00:00
171,401006006,ALLUVIONI CAMBIO',AL,2021-09-01 12:58:34,31/12/2017 00:00:00
271,411041002,APECCHIO,PS,2021-09-01 12:58:35,31/12/1998 00:00:00
403,411041003,AUDITORE,PS,2021-09-01 12:58:36,31/12/1998 00:00:00
461,408040001,BAGNO DI ROMAGNA,FO,2021-09-01 12:58:37,15/04/1992 00:00:00
510,405024011,BARBARANO VICENTINO,VI,2021-09-01 12:58:37,16/02/2018 00:00:00
515,409048003,BARBERINO VAL D'ELSA,FI,2021-09-01 12:58:37,31/12/2018 00:00:00
522,403012009,BARDELLO,VA,2021-09-01 12:58:37,31/12/2022 00:00:00
593,411041005,BELFORTE ALL'ISAURO,PS,2021-09-01 12:58:38,31/12/1998 00:00:00
651,408038002,BERRA,FE,2021-09-01 12:58:38,31/12/2018 00:00:00
652,408040003,BERTINORO,FO,2021-09-01 12:58:38,15/04/1992 00:00:00
694,403020004,BIGARELLO,MN,2021-09-01 12:58:38,31/12/2018 00:00:00
788,408040004,BORGHI,FO,2021-09-01 12:58:39,15/04/1992 00:00:00
797,411041006,BORGO PACE,PS,2021-09-01 12:58:39,31/12/1998 00:00:00
813,403020006,BORGOFRANCO SUL PO,MN,2021-09-01 12:58:40,31/12/2018 00:00:00
886,403012018,BREGANO,VA,2021-09-01 12:58:40,31/12/2022 00:00:00
889,401002019,BREIA,VC,2021-09-01 12:58:40,31/12/2017 00:00:00
909,404022027,BREZ,TN,2021-09-01 12:58:40,31/12/2019 00:00:00
1016,403019008,CA' D'ANDREA,CR,2021-09-01 12:58:41,31/12/2018 00:00:00
1028,403012028,CADREZZATE,VA,2021-09-01 12:58:41,14/02/2019 00:00:00
1032,411041007,CAGLI,PS,2021-09-01 12:58:41,31/12/1998 00:00:00
1037,403013038,CAGNO,CO,2021-09-01 12:58:41,31/12/2018 00:00:00
1038,404022030,CAGNO',TN,2021-09-01 12:58:41,31/12/2019 00:00:00
1085,401005014,CALLIANO,AT,2021-09-01 12:58:42,11/08/2022 00:00:00
1116,403098007,CAMAIRAGO,LO,2021-09-01 12:58:42,31/12/2017 00:00:00
1133,408033009,CAMINATA,PC,2021-09-01 12:58:42,31/12/2017 00:00:00
1140,401004036,CAMO,CN,2021-09-01 12:58:42,31/12/2018 00:00:00
1191,405024023,CAMPOLONGO SUL BRENTA,VI,2021-09-01 12:58:43,29/01/2019 00:00:00
1206,403018026,CAMPOSPINOSO,PV,2021-09-01 12:58:43,17/11/2023 00:00:00
1230,403018028,CANEVINO,PV,2021-09-01 12:58:43,31/12/2018 00:00:00
1260,411041008,CANTIANO,PS,2021-09-01 12:58:43,31/12/1998 00:00:00
1267,415065025,CAPACCIO,SA,2021-09-01 12:58:43,09/06/2016 00:00:00
1330,404022041,CARANO,TN,2021-09-01 12:58:44,31/12/2019 00:00:00
1344,403020009,CARBONARA DI PO,MN,2021-09-01 12:58:44,31/12/2018 00:00:00
1351,405028022,CARCERI,PD,2021-09-01 12:58:44,21/01/2024 00:00:00
1401,407008013,CARPASIO,IM,2021-09-01 12:58:44,31/12/2017 00:00:00
1402,411041009,CARPEGNA,PS,2021-09-01 12:58:44,31/12/1998 00:00:00
1425,411041010,CARTOCETO,PS,2021-09-01 12:58:45,31/12/1998 00:00:00
1507,403013050,CASASCO D'INTELVI,CO,2021-09-01 12:58:45,31/12/2017 00:00:00
1541,401005020,CASORZO,AT,2021-09-01 12:58:45,02/03/2022 00:00:00
1551,401006042,CASSANO SPINOLA,AL,2021-09-01 12:58:46,31/12/2017 00:00:00
1641,404022046,CASTELFONDO,TN,2021-09-01 12:58:46,31/12/2019 00:00:00
1666,401006045,CASTELLANIA,AL,2021-09-01 12:58:47,30/05/2019 00:00:00
1668,401004048,CASTELLAR,CN,2021-09-01 12:58:47,31/12/2018 00:00:00
1780,403013060,CASTIGLIONE D'INTELVI,CO,2021-09-01 12:58:47,31/12/2017 00:00:00
1812,408040005,CASTROCARO TERME E TERRA DEL SOLE,FO,2021-09-01 12:58:48,15/04/1992 00:00:00
1833,403098016,CAVACURTA,LO,2021-09-01 12:58:48,31/12/2017 00:00:00
1837,401103020,CAVAGLIO-SPOCCIA,VB,2021-09-01 12:58:48,31/12/2018 00:00:00
1898,401002038,CELLIO,VC,2021-09-01 12:58:48,31/12/2017 00:00:00
1955,401096017,CERRETO CASTELLO,BI,2021-09-01 12:58:49,31/12/2018 00:00:00
2000,408040007,CESENA,FO,2021-09-01 12:58:49,15/04/1992 00:00:00
2001,408040008,CESENATICO,FO,2021-09-01 12:58:49,15/04/1992 00:00:00
2124,405024031,CISMON DEL GRAPPA,VI,2021-09-01 12:58:50,29/01/2019 00:00:00
2159,408040009,CIVITELLA DI ROMAGNA,FO,2021-09-01 12:58:51,15/04/1992 00:00:00
2174,404022063,CLOZ,TN,2021-09-01 12:58:51,31/12/2019 00:00:00
2232,411041069,COLLI AL METAURO,PS,2021-09-01 12:58:51,09/06/2025 00:00:00
2282,405024033,CONCO,VI,2021-09-01 12:58:52,19/02/2019 00:00:00
2325,418078044,CORIGLIANO CALABRO,CS,2021-09-01 12:58:52,30/03/2018 00:00:00
2407,405023030,COSTERMANO,VR,2021-09-01 12:58:53,23/12/2016 00:00:00
2435,405026024,CRESPANO DEL GRAPPA,TV,2021-09-01 12:58:53,29/01/2019 00:00:00
2460,401006064,CUCCARO MONFERRATO,AL,2021-09-01 12:58:53,31/01/2019 00:00:00
2486,401103027,CURSOLO-ORASSO,VB,2021-09-01 12:58:53,31/12/2018 00:00:00
2500,404022070,DAIANO,TN,2021-09-01 12:58:54,31/12/2019 00:00:00
2578,408040011,DOVADOLA,FO,2021-09-01 12:58:54,15/04/1992 00:00:00
2586,403019042,DRIZZONA,CR,2021-09-01 12:58:54,31/12/2018 00:00:00
2652,404022080,FAEDO,TN,2021-09-01 12:58:55,31/12/2019 00:00:00
2673,401103030,FALMENTA,VB,2021-09-01 12:58:55,31/12/2018 00:00:00
2679,411041013,FANO,PS,2021-09-01 12:58:55,31/12/1998 00:00:00
2708,403020023,FELONICA,MN,2021-09-01 12:58:55,28/02/2017 00:00:00
2716,411041014,FERMIGNANO,PS,2021-09-01 12:58:55,31/12/1998 00:00:00
2782,406030038,FIUMICELLO,UD,2021-09-01 12:58:56,31/01/2018 00:00:00
2810,404022088,FONDO,TN,2021-09-01 12:58:56,31/12/2019 00:00:00
2844,408040012,FORLI',FO,2021-09-01 12:58:56,15/04/1992 00:00:00
2846,408040013,FORLIMPOPOLI,FO,2021-09-01 12:58:56,15/04/1992 00:00:00
2854,408038009,FORMIGNANA,FE,2021-09-01 12:58:57,31/12/2018 00:00:00
2878,411041015,FOSSOMBRONE,PS,2021-09-01 12:58:57,31/12/1998 00:00:00
2916,411041016,FRATTE ROSA,PS,2021-09-01 12:58:57,31/12/1998 00:00:00
2927,411041017,FRONTINO,PS,2021-09-01 12:58:57,31/12/1998 00:00:00
2928,411041018,FRONTONE,PS,2021-09-01 12:58:57,31/12/1998 00:00:00
2950,411041019,GABICCE MARE,PS,2021-09-01 12:58:57,31/12/1998 00:00:00
2975,408040014,GALEATA,FO,2021-09-01 12:58:58,15/04/1992 00:00:00
3003,408040015,GAMBETTOLA,FO,2021-09-01 12:58:58,15/04/1992 00:00:00
3005,405024044,GAMBUGLIANO,VI,2021-09-01 12:58:58,21/01/2024 00:00:00
3031,408040016,GATTEO,FO,2021-09-01 12:58:58,15/04/1992 00:00:00
3032,401003071,GATTICO,NO,2021-09-01 12:58:58,31/12/2018 00:00:00
3035,401006080,GAVAZZANA,AL,2021-09-01 12:58:58,31/12/2017 00:00:00
3180,411041020,GRADARA,PS,2021-09-01 12:58:59,31/12/1998 00:00:00
3190,401005056,GRANA,AT,2021-09-01 12:58:59,16/01/2023 00:00:00
3318,403097041,INTROZZO,LC,2021-09-01 12:59:00,31/12/2017 00:00:00
3344,411041021,ISOLA DEL PIANO,PS,2021-09-01 12:59:01,31/12/1998 00:00:00
3452,409051019,LATERINA,AR,2021-09-01 12:59:02,31/12/2017 00:00:00
3501,405025028,LENTIAI,BL,2021-09-01 12:59:02,29/01/2019 00:00:00
3541,406030050,LIGOSULLO,UD,2021-09-01 12:59:02,31/01/2018 00:00:00
3608,408040018,LONGIANO,FO,2021-09-01 12:59:03,15/04/1992 00:00:00
3634,401006089,LU,AL,2021-09-01 12:59:03,31/01/2019 00:00:00
3645,401001138,LUGNACCO,TO,2021-09-01 12:59:03,31/12/2018 00:00:00
3655,411041022,LUNANO,PS,2021-09-01 12:59:03,31/12/1998 00:00:00
3673,405024054,LUSIANA,VI,2021-09-01 12:59:03,19/02/2019 00:00:00
3689,411041023,MACERATA FELTRIA,PS,2021-09-01 12:59:03,31/12/1998 00:00:00
3747,403012095,MALGESSO,VA,2021-09-01 12:59:04,31/12/2022 00:00:00
3755,404022111,MALOSCO,TN,2021-09-01 12:59:04,31/12/2019 00:00:00
3885,405024058,MASON VICENTINO,VI,2021-09-01 12:59:05,19/02/2019 00:00:00
3938,405028051,MEGLIADINO SAN FIDENZIO,PD,2021-09-01 12:59:05,16/02/2018 00:00:00
3941,405025034,MEL,BL,2021-09-01 12:59:05,29/01/2019 00:00:00
3944,408040019,MELDOLA,FO,2021-09-01 12:59:05,15/04/1992 00:00:00
3975,411041025,MERCATELLO SUL METAURO,PS,2021-09-01 12:59:06,31/12/1998 00:00:00
3976,411041026,MERCATINO CONCA,PS,2021-09-01 12:59:06,31/12/1998 00:00:00
3978,408040020,MERCATO SARACENO,FO,2021-09-01 12:59:06,15/04/1992 00:00:00
3997,401001151,MEUGLIANO,TO,2021-09-01 12:59:06,31/12/2018 00:00:00
4005,408034021,MEZZANI,PR,2021-09-01 12:59:06,31/12/2018 00:00:00
4066,408040022,MODIGLIANA,FO,2021-09-01 12:59:06,15/04/1992 00:00:00
4098,405024059,MOLVENA,VI,2021-09-01 12:59:07,19/02/2019 00:00:00
4102,411041027,MOMBAROCCIO,PS,2021-09-01 12:59:07,31/12/1998 00:00:00
4132,411041028,MONDAVIO,PS,2021-09-01 12:59:07,31/12/1998 00:00:00
4133,411041029,MONDOLFO,PS,2021-09-01 12:59:07,31/12/1998 00:00:00
4149,404021052,MONGUELFO,BZ,2021-09-01 12:59:07,28/10/2003 00:00:00
4168,404021053,MONTAGNA,BZ,2021-09-01 12:59:07,13/04/2023 00:00:00
4189,407008036,MONTALTO LIGURE,IM,2021-09-01 12:59:07,31/12/2017 00:00:00
4205,411041031,MONTE CERIGNONE,PS,2021-09-01 12:59:08,31/12/1998 00:00:00
4210,411041935,MONTE GRIMANO TERME,PS,2021-09-01 12:59:08,09/06/2025 00:00:00
4213,411041038,MONTE PORZIO,PS,2021-09-01 12:59:08,31/12/1998 00:00:00
4241,411041030,MONTECALVO IN FOGLIA,PS,2021-09-01 12:59:08,31/12/1998 00:00:00
4259,411041032,MONTECICCARDO,PS,2021-09-01 12:59:08,31/12/1998 00:00:00
4262,411041033,MONTECOPIOLO,PS,2021-09-01 12:59:08,31/12/1998 00:00:00
4277,411041034,MONTEFELCINO,PS,2021-09-01 12:59:08,31/12/1998 00:00:00
4306,411041036,MONTELABBATE,PS,2021-09-01 12:59:08,31/12/1998 00:00:00
4325,401005077,MONTEMAGNO,AT,2021-09-01 12:59:09,18/10/2023 00:00:00
4387,408040028,MONTIANO,FO,2021-09-01 12:59:09,15/04/1992 00:00:00
4421,401005079,MORANSENGO,AT,2021-09-01 12:59:09,31/12/2022 00:00:00
4471,405024069,MOSSANO,VI,2021-09-01 12:59:10,16/02/2018 00:00:00
4532,404022126,NAVE SAN ROCCO,TN,2021-09-01 12:59:10,31/12/2018 00:00:00
4538,405023052,NEGRAR,VR,2021-09-01 12:59:11,22/02/2019 00:00:00
4558,408033029,NIBBIANO,PC,2021-09-01 12:59:11,31/12/2017 00:00:00
4779,403012111,OSMATE,VA,2021-09-01 12:59:13,14/02/2019 00:00:00
4830,405026054,PADERNO DEL GRAPPA,TV,2021-09-01 12:59:13,29/01/2019 00:00:00
4968,401001182,PECCO,TO,2021-09-01 12:59:14,31/12/2018 00:00:00
4971,408033031,PECORARA,PC,2021-09-01 12:59:14,31/12/2017 00:00:00
4981,411041041,PEGLIO,PS,2021-09-01 12:59:14,31/12/1998 00:00:00
5009,409051028,PERGINE VALDARNO,AR,2021-09-01 12:59:14,31/12/2017 00:00:00
5011,411041043,PERGOLA,PS,2021-09-01 12:59:14,31/12/1998 00:00:00
5030,411041044,PESARO,PS,2021-09-01 12:59:15,31/12/1998 00:00:00
5061,411041045,PETRIANO,PS,2021-09-01 12:59:15,31/12/1998 00:00:00
5080,403019071,PIADENA,CR,2021-09-01 12:59:15,31/12/2018 00:00:00
5088,411041047,PIANDIMELETO,PS,2021-09-01 12:59:15,31/12/1998 00:00:00
5148,411041048,PIETRARUBBIA,PS,2021-09-01 12:59:16,31/12/1998 00:00:00
5160,403020040,PIEVE DI CORIANO,MN,2021-09-01 12:59:16,31/12/2017 00:00:00
5193,411041049,PIOBBICO,PS,2021-09-01 12:59:16,31/12/1998 00:00:00
5205,401006130,PIOVERA,AL,2021-09-01 12:59:16,31/12/2017 00:00:00
5360,413068033,POPOLI,PE,2021-09-01 12:59:17,12/07/2023 00:00:00
5375,408040031,PORTICO E SAN BENEDETTO,FO,2021-09-01 12:59:17,15/04/1992 00:00:00
5416,404022145,POZZA DI FASSA,TN,2021-09-01 12:59:18,31/12/2017 00:00:00
5468,408040032,PREDAPPIO,FO,2021-09-01 12:59:18,15/04/1992 00:00:00
5480,408040033,PREMILCUORE,FO,2021-09-01 12:59:18,15/04/1992 00:00:00
5488,416075062,PRESICCE,LE,2021-09-01 12:59:18,14/05/2019 00:00:00
5527,401096051,QUAREGNA,BI,2021-09-01 12:59:19,31/12/2018 00:00:00
5541,405025070,QUERO VAS,BL,2021-09-01 12:59:19,21/01/2024 00:00:00
5623,403020049,REVERE,MN,2021-09-01 12:59:20,31/12/2017 00:00:00
5626,404022152,REVO',TN,2021-09-01 12:59:20,31/12/2019 00:00:00
5656,401002111,RIMA SAN GIUSEPPE,VC,2021-09-01 12:59:20,31/12/2017 00:00:00
5657,401002112,RIMASCO,VC,2021-09-01 12:59:20,31/12/2017 00:00:00
5661,409049015,RIO MARINA,LI,2021-09-01 12:59:20,31/12/2017 00:00:00
5662,409049016,RIO NELL'ELBA,LI,2021-09-01 12:59:20,31/12/2017 00:00:00
5688,401002114,RIVA VALDOBBIA,VC,2021-09-01 12:59:20,31/12/2018 00:00:00
5711,408038020,RO FERRARESE,FE,2021-09-01 12:59:20,31/12/2018 00:00:00
5747,408040036,ROCCA SAN CASCIANO,FO,2021-09-01 12:59:21,15/04/1992 00:00:00
5835,404022154,ROMALLO,TN,2021-09-01 12:59:21,31/12/2019 00:00:00
5846,403013199,RONAGO,CO,2021-09-01 12:59:21,31/12/2023 00:00:00
5864,408040037,RONCOFREDDO,FO,2021-09-01 12:59:22,15/04/1992 00:00:00
5893,418078108,ROSSANO,CS,2021-09-01 12:59:22,30/03/2018 00:00:00
5937,403018132,RUINO,PV,2021-09-01 12:59:22,31/12/2018 00:00:00
5947,401002123,SABBIA,VC,2021-09-01 12:59:22,31/12/2017 00:00:00
5965,402007064,SAINT-RHEMY,AO,2021-09-01 12:59:22,29/07/1991 00:00:00
5990,405028074,SALETTO,PD,2021-09-01 12:59:23,16/02/2018 00:00:00
6000,404021076,SALORNO,BZ,2021-09-01 12:59:23,10/10/2019 00:00:00
6075,411041051,SAN COSTANZO,PS,2021-09-01 12:59:23,31/12/1998 00:00:00
6092,403013205,SAN FEDELE INTELVI,CO,2021-09-01 12:59:23,31/12/2017 00:00:00
6133,403020057,SAN GIORGIO DI MANTOVA,MN,2021-09-01 12:59:24,31/12/2018 00:00:00
6193,411041054,SAN LORENZO IN CAMPO,PS,2021-09-01 12:59:24,31/12/1998 00:00:00
6243,408040041,SAN MAURO PASCOLI,FO,2021-09-01 12:59:25,15/04/1992 00:00:00
6252,405024093,SAN NAZARIO,VI,2021-09-01 12:59:25,29/01/2019 00:00:00
6421,411041057,SANT'ANGELO IN VADO,PS,2021-09-01 12:59:26,31/12/1998 00:00:00
6453,411041058,SANT'IPPOLITO,PS,2021-09-01 12:59:26,31/12/1998 00:00:00
6487,405028081,SANTA MARGHERITA D'ADIGE,PD,2021-09-01 12:59:27,16/02/2018 00:00:00
6513,408040043,SANTA SOFIA,FO,2021-09-01 12:59:27,15/04/1992 00:00:00
6549,405025052,SAPPADA,BL,2021-09-01 12:59:27,31/12/2017 00:00:00
6570,408040044,SARSINA,FO,2021-09-01 12:59:27,15/04/1992 00:00:00
6582,411041059,SASSOCORVARO,PS,2021-09-01 12:59:27,31/12/1998 00:00:00
6583,411041060,SASSOFELTRIO,PS,2021-09-01 12:59:27,31/12/1998 00:00:00
6597,408040045,SAVIGNANO SUL RUBICONE,FO,2021-09-01 12:59:27,15/04/1992 00:00:00
6721,403020061,SERMIDE,MN,2021-09-01 12:59:28,28/02/2017 00:00:00
6731,411041061,SERRA SANT'ABBONDIO,PS,2021-09-01 12:59:28,31/12/1998 00:00:00
6841,408040046,SOGLIANO AL RUBICONE,FO,2021-09-01 12:59:29,15/04/1992 00:00:00
6851,403013215,SOLBIATE,CO,2021-09-01 12:59:29,31/12/2018 00:00:00
6883,401096062,SOPRANA,BI,2021-09-01 12:59:30,31/12/2018 00:00:00
6885,404022176,SORAGA,TN,2021-09-01 12:59:30,14/03/2017 00:00:00
6890,408034037,SORBOLO,PR,2021-09-01 12:59:30,31/12/2018 00:00:00
6921,405024103,SOVIZZO,VI,2021-09-01 12:59:30,21/01/2024 00:00:00
7069,409048045,TAVARNELLE VAL DI PESA,FI,2021-09-01 12:59:31,31/12/2018 00:00:00
7078,411041064,TAVOLETO,PS,2021-09-01 12:59:31,31/12/1998 00:00:00
7079,411041065,TAVULLIA,PS,2021-09-01 12:59:31,31/12/1998 00:00:00
7125,411041070,TERRE ROVERESCHE,PS,2021-09-01 12:59:32,09/06/2025 00:00:00
7179,401005110,TONENGO,AT,2021-09-01 12:59:32,31/12/2022 00:00:00
7217,403097080,TORRE DE' BUSI,LC,2021-09-01 12:59:33,26/01/2018 00:00:00
7290,401001277,TRAUSELLA,TO,2021-09-01 12:59:33,31/12/2018 00:00:00
7308,408040049,TREDOZIO,FO,2021-09-01 12:59:33,15/04/1992 00:00:00
7313,403097081,TREMENICO,LC,2021-09-01 12:59:33,31/12/2017 00:00:00
7316,403017189,TREMOSINE,BS,2021-09-01 12:59:33,11/11/2013 00:00:00
7321,406030125,TREPPO CARNICO,UD,2021-09-01 12:59:33,31/01/2018 00:00:00
7328,408038024,TRESIGALLO,FE,2021-09-01 12:59:33,31/12/2018 00:00:00
7354,405025061,TRICHIANA,BL,2021-09-01 12:59:34,29/01/2019 00:00:00
7369,401096070,TRIVERO,BI,2021-09-01 12:59:34,31/12/2018 00:00:00
7374,404021102,TRODENA,BZ,2021-09-01 12:59:34,18/03/2008 00:00:00
7411,403013228,UGGIATE-TREVANO,CO,2021-09-01 12:59:34,31/12/2023 00:00:00
7420,411041066,URBANIA,PS,2021-09-01 12:59:34,31/12/1998 00:00:00
7422,411041067,URBINO,PS,2021-09-01 12:59:34,31/12/1998 00:00:00
7510,401096073,VALLE MOSSO,BI,2021-09-01 12:59:35,31/12/2018 00:00:00
7519,411041068,VALLEFOGLIA,PS,2021-09-01 12:59:35,09/06/2025 00:00:00
7539,401004236,VALMALA,CN,2021-09-01 12:59:35,31/12/2018 00:00:00
7551,405024114,VALSTAGNA,VI,2021-09-01 12:59:35,29/01/2019 00:00:00
7558,403018170,VALVERDE,PV,2021-09-01 12:59:35,31/12/2018 00:00:00
7575,404022211,VARENA,TN,2021-09-01 12:59:36,31/12/2019 00:00:00
7615,403097085,VENDROGNO,LC,2021-09-01 12:59:36,31/12/2019 00:00:00
7641,408040050,VERGHERETO,FO,2021-09-01 12:59:36,15/04/1992 00:00:00
7643,403015235,VERMEZZO,MI,2021-09-01 12:59:36,07/02/2019 00:00:00
7666,401003157,VERUNO,NO,2021-09-01 12:59:36,31/12/2018 00:00:00
7679,403097089,VESTRENO,LC,2021-09-01 12:59:36,31/12/2017 00:00:00
7701,401001297,VICO CANAVESE,TO,2021-09-01 12:59:37,31/12/2018 00:00:00
7725,405028098,VIGHIZZOLO D'ESTE,PD,2021-09-01 12:59:37,21/01/2024 00:00:00
7737,404022217,VIGO DI FASSA,TN,2021-09-01 12:59:37,31/12/2017 00:00:00
7769,403020067,VILLA POMA,MN,2021-09-01 12:59:37,31/12/2017 00:00:00
7782,406030134,VILLA VICENTINA,UD,2021-09-01 12:59:37,31/01/2018 00:00:00
7934,404022225,ZAMBANA,TN,2021-09-01 12:59:39,31/12/2018 00:00:00
7945,403015246,ZELO SURRIGONE,MI,2021-09-01 12:59:39,07/02/2019 00:00:00
